sim_time,phase_index,phase_state,total_queue_length,max_queue_length,vehicle_count,avg_waiting_time,queue_north_to_center_0,queue_north_to_center_1,queue_east_to_center_0,queue_east_to_center_1,queue_south_to_center_0,queue_south_to_center_1,queue_west_to_center_0,queue_west_to_center_1
0,0,GGGgGGGgrrrrrrrr,0,0,3,0.0,0,0,0,0,0,0,0,0
1,0,GGGgGGGgrrrrrrrr,0,0,3,0.0,0,0,0,0,0,0,0,0
2,0,GGGgGGGgrrrrrrrr,0,0,5,0.0,0,0,0,0,0,0,0,0
3,0,GGGgGGGgrrrrrrrr,0,0,7,0.0,0,0,0,0,0,0,0,0
4,0,GGGgGGGgrrrrrrrr,0,0,8,0.0,0,0,0,0,0,0,0,0
5,0,GGGgGGGgrrrrrrrr,0,0,10,0.0,0,0,0,0,0,0,0,0
6,0,GGGgGGGgrrrrrrrr,0,0,11,0.0,0,0,0,0,0,0,0,0
7,0,GGGgGGGgrrrrrrrr,0,0,13,0.0,0,0,0,0,0,0,0,0
8,0,GGGgGGGgrrrrrrrr,0,0,13,0.0,0,0,0,0,0,0,0,0
9,0,GGGgGGGgrrrrrrrr,0,0,14,0.0,0,0,0,0,0,0,0,0
10,0,GGGgGGGgrrrrrrrr,0,0,15,0.0,0,0,0,0,0,0,0,0
11,0,GGGgGGGgrrrrrrrr,0,0,16,0.0,0,0,0,0,0,0,0,0
12,0,GGGgGGGgrrrrrrrr,0,0,17,0.0,0,0,0,0,0,0,0,0
13,0,GGGgGGGgrrrrrrrr,0,0,18,0.0,0,0,0,0,0,0,0,0
14,0,GGGgGGGgrrrrrrrr,0,0,18,0.0,0,0,0,0,0,0,0,0
15,0,GGGgGGGgrrrrrrrr,0,0,20,0.0,0,0,0,0,0,0,0,0
16,0,GGGgGGGgrrrrrrrr,0,0,21,0.0,0,0,0,0,0,0,0,0
17,0,GGGgGGGgrrrrrrrr,0,0,23,0.0,0,0,0,0,0,0,0,0
18,0,GGGgGGGgrrrrrrrr,0,0,26,0.0,0,0,0,0,0,0,0,0
19,0,GGGgGGGgrrrrrrrr,0,0,27,0.0,0,0,0,0,0,0,0,0
20,0,GGGgGGGgrrrrrrrr,0,0,31,0.0,0,0,0,0,0,0,0,0
21,0,GGGgGGGgrrrrrrrr,1,1,32,0.03,0,0,0,0,0,0,0,1
22,0,GGGgGGGgrrrrrrrr,1,1,35,0.06,0,0,0,0,0,0,0,1
23,0,GGGgGGGgrrrrrrrr,1,1,36,0.08,0,0,0,0,0,0,0,1
24,0,GGGgGGGgrrrrrrrr,4,2,37,0.19,0,0,0,0,1,0,1,2
25,0,GGGgGGGgrrrrrrrr,4,2,38,0.29,0,0,0,0,1,0,1,2
26,0,GGGgGGGgrrrrrrrr,4,2,42,0.36,0,0,0,0,1,0,1,2
27,0,GGGgGGGgrrrrrrrr,4,2,42,0.45,0,0,0,0,1,0,1,2
28,0,GGGgGGGgrrrrrrrr,4,2,44,0.52,0,0,0,0,1,0,1,2
29,0,GGGgGGGgrrrrrrrr,5,2,44,0.64,0,0,0,0,1,0,2,2
30,0,GGGgGGGgrrrrrrrr,7,2,46,0.76,0,0,0,0,2,1,2,2
31,1,yyyyyyyyrrrrrrrr,7,2,49,0.86,0,0,0,0,2,1,2,2
32,1,yyyyyyyyrrrrrrrr,7,2,49,1.0,0,0,0,0,2,1,2,2
33,1,yyyyyyyyrrrrrrrr,8,3,51,1.12,0,0,0,0,2,1,3,2
34,1,yyyyyyyyrrrrrrrr,8,3,53,1.23,0,0,0,0,2,1,3,2
35,2,rrrrrrrrGGGgGGGg,5,2,54,0.54,1,0,0,0,1,0,2,1
36,2,rrrrrrrrGGGgGGGg,4,1,54,0.15,1,0,0,1,0,0,1,1
37,2,rrrrrrrrGGGgGGGg,2,1,56,0.09,1,0,0,1,0,0,0,0
38,2,rrrrrrrrGGGgGGGg,2,1,56,0.12,1,0,0,1,0,0,0,0
39,2,rrrrrrrrGGGgGGGg,3,2,57,0.19,2,0,0,1,0,0,0,0
40,2,rrrrrrrrGGGgGGGg,4,3,58,0.28,3,0,0,1,0,0,0,0
41,2,rrrrrrrrGGGgGGGg,5,3,60,0.38,3,0,0,1,0,0,0,1
42,2,rrrrrrrrGGGgGGGg,7,3,62,0.48,3,1,0,1,0,0,0,2
43,2,rrrrrrrrGGGgGGGg,8,3,61,0.64,3,1,0,1,0,0,0,3
44,2,rrrrrrrrGGGgGGGg,11,5,61,0.84,5,2,0,1,0,0,0,3
45,2,rrrrrrrrGGGgGGGg,12,5,60,1.07,5,3,0,1,0,0,0,3
46,2,rrrrrrrrGGGgGGGg,12,5,60,1.28,5,3,0,1,0,0,0,3
47,2,rrrrrrrrGGGgGGGg,13,5,60,1.53,5,3,0,1,0,0,0,4
48,2,rrrrrrrrGGGgGGGg,14,5,59,1.8,5,4,0,1,0,0,0,4
49,2,rrrrrrrrGGGgGGGg,15,5,60,2.03,5,4,0,1,0,0,0,5
50,2,rrrrrrrrGGGgGGGg,17,5,62,2.26,5,5,1,1,0,0,0,5
51,2,rrrrrrrrGGGgGGGg,18,5,62,2.56,5,5,1,2,0,0,0,5
52,2,rrrrrrrrGGGgGGGg,19,6,63,2.84,6,5,1,2,0,0,0,5
53,2,rrrrrrrrGGGgGGGg,21,6,64,3.14,6,5,2,2,0,0,0,6
54,2,rrrrrrrrGGGgGGGg,22,6,65,3.46,6,5,2,2,0,1,0,6
55,2,rrrrrrrrGGGgGGGg,24,6,66,3.77,6,6,2,2,1,1,0,6
56,2,rrrrrrrrGGGgGGGg,25,6,65,4.22,6,6,2,2,1,2,0,6
57,2,rrrrrrrrGGGgGGGg,26,7,66,4.55,7,6,2,3,0,2,0,6
58,2,rrrrrrrrGGGgGGGg,27,7,66,4.97,7,6,2,3,0,3,1,5
59,2,rrrrrrrrGGGgGGGg,27,7,67,5.22,7,6,2,3,0,4,0,5
60,2,rrrrrrrrGGGgGGGg,29,7,67,5.67,7,6,3,4,0,4,0,5
61,2,rrrrrrrrGGGgGGGg,31,7,68,6.07,7,7,3,4,0,5,0,5
62,2,rrrrrrrrGGGgGGGg,32,7,70,6.36,7,7,3,4,1,5,0,5
63,2,rrrrrrrrGGGgGGGg,31,7,70,6.8,7,7,3,4,0,5,0,5
64,2,rrrrrrrrGGGgGGGg,31,7,69,7.36,7,7,3,4,0,5,0,5
65,2,rrrrrrrrGGGgGGGg,32,8,68,7.96,7,8,3,4,0,5,0,5
66,3,rrrrrrrryyyyyyyy,34,8,70,7.83,7,8,3,4,1,5,1,5
67,3,rrrrrrrryyyyyyyy,36,9,70,8.34,7,9,3,4,1,5,1,6
68,3,rrrrrrrryyyyyyyy,38,9,71,8.76,8,9,3,4,1,5,2,6
69,3,rrrrrrrryyyyyyyy,40,9,72,9.19,8,9,4,4,2,5,2,6
70,0,GGGgGGGgrrrrrrrr,39,8,72,8.11,7,8,3,3,3,6,3,6
71,0,GGGgGGGgrrrrrrrr,36,7,73,7.16,7,7,2,2,3,6,4,5
72,0,GGGgGGGgrrrrrrrr,34,7,73,6.4,6,6,1,1,4,7,4,5
73,0,GGGgGGGgrrrrrrrr,32,7,73,5.89,6,5,0,0,5,7,4,5
74,0,GGGgGGGgrrrrrrrr,33,8,73,5.6,5,6,0,0,5,8,4,5
75,0,GGGgGGGgrrrrrrrr,32,8,76,5.21,5,4,0,1,5,8,4,5
76,0,GGGgGGGgrrrrrrrr,34,8,77,5.14,4,5,0,1,6,8,5,5
77,0,GGGgGGGgrrrrrrrr,32,8,80,5.08,3,4,0,1,6,8,5,5
78,0,GGGgGGGgrrrrrrrr,30,8,80,5.22,2,2,0,2,6,8,5,5
79,0,GGGgGGGgrrrrrrrr,32,9,81,5.52,3,1,0,3,6,9,5,5
80,0,GGGgGGGgrrrrrrrr,31,9,81,5.79,3,0,0,3,6,9,5,5
81,0,GGGgGGGgrrrrrrrr,33,9,85,5.85,2,1,0,3,7,9,5,6
82,0,GGGgGGGgrrrrrrrr,34,9,86,6.14,2,1,0,3,8,9,5,6
83,0,GGGgGGGgrrrrrrrr,33,9,87,6.44,2,0,0,3,8,9,5,6
84,0,GGGgGGGgrrrrrrrr,34,9,87,6.84,3,0,0,3,8,9,5,6
85,0,GGGgGGGgrrrrrrrr,37,10,88,7.19,4,0,0,3,8,10,5,7
86,0,GGGgGGGgrrrrrrrr,38,10,90,7.47,5,0,0,3,8,10,5,7
87,0,GGGgGGGgrrrrrrrr,37,10,88,7.99,4,0,0,3,8,10,5,7
88,0,GGGgGGGgrrrrrrrr,39,10,88,8.38,4,0,1,2,9,10,6,7
89,0,GGGgGGGgrrrrrrrr,38,10,90,8.46,3,0,0,2,9,10,6,8
90,0,GGGgGGGgrrrrrrrr,38,10,91,8.74,3,0,0,2,9,10,6,8
91,0,GGGgGGGgrrrrrrrr,39,10,91,9.12,3,0,0,2,10,10,6,8
92,0,GGGgGGGgrrrrrrrr,39,10,91,9.52,2,1,1,1,10,10,6,8
93,0,GGGgGGGgrrrrrrrr,41,11,92,9.67,2,1,0,1,11,11,7,8
94,0,GGGgGGGgrrrrrrrr,44,11,91,10.24,3,2,0,1,11,11,7,9
95,0,GGGgGGGgrrrrrrrr,46,12,93,10.52,3,3,0,1,12,11,7,9
96,0,GGGgGGGgrrrrrrrr,47,12,93,11.01,2,3,0,1,12,12,7,10
97,0,GGGgGGGgrrrrrrrr,48,12,94,11.39,1,4,0,1,12,12,8,10
98,0,GGGgGGGgrrrrrrrr,50,12,93,12.01,3,4,0,1,12,12,8,10
99,0,GGGgGGGgrrrrrrrr,51,12,94,12.41,2,4,0,2,12,12,9,10
100,0,GGGgGGGgrrrrrrrr,51,12,94,12.95,1,5,0,2,12,12,9,10
101,1,yyyyyyyyrrrrrrrr,54,13,94,13.21,1,6,0,2,13,13,9,10
102,1,yyyyyyyyrrrrrrrr,55,13,95,13.65,1,7,0,2,13,13,9,10
103,1,yyyyyyyyrrrrrrrr,56,13,96,14.09,2,7,0,2,13,13,9,10
104,1,yyyyyyyyrrrrrrrr,58,13,95,14.85,2,8,1,2,13,13,9,10
105,2,rrrrrrrrGGGgGGGg,56,14,96,13.79,3,8,0,2,12,14,8,9
106,2,rrrrrrrrGGGgGGGg,56,14,97,12.8,3,9,1,2,12,14,7,8
107,2,rrrrrrrrGGGgGGGg,54,14,96,12.07,4,9,1,2,11,14,6,7
108,2,rrrrrrrrGGGgGGGg,55,14,96,11.27,5,10,2,2,11,14,5,6
109,2,rrrrrrrrGGGgGGGg,54,15,94,10.72,6,10,2,2,10,15,4,5
110,2,rrrrrrrrGGGgGGGg,54,15,96,10.14,6,11,2,2,10,15,3,5
111,2,rrrrrrrrGGGgGGGg,53,15,96,9.89,7,12,2,2,9,15,2,4
112,2,rrrrrrrrGGGgGGGg,51,15,98,9.5,8,13,2,2,7,15,1,3
113,2,rrrrrrrrGGGgGGGg,51,16,98,9.41,8,14,2,3,6,16,0,2
114,2,rrrrrrrrGGGgGGGg,50,16,97,9.6,9,14,2,3,5,16,0,1
115,2,rrrrrrrrGGGgGGGg,48,16,98,9.77,9,14,2,3,3,16,1,0
116,2,rrrrrrrrGGGgGGGg,49,16,99,9.97,10,14,2,3,3,16,1,0
117,2,rrrrrrrrGGGgGGGg,50,17,102,10.12,10,14,2,3,4,17,0,0
118,2,rrrrrrrrGGGgGGGg,52,17,104,10.28,11,14,2,3,4,17,0,1
119,2,rrrrrrrrGGGgGGGg,52,17,104,10.62,11,14,2,3,4,17,0,1
120,2,rrrrrrrrGGGgGGGg,54,17,105,10.97,13,14,2,3,3,17,0,2
121,2,rrrrrrrrGGGgGGGg,54,17,106,11.36,13,14,2,3,2,17,0,3
122,2,rrrrrrrrGGGgGGGg,54,17,106,11.85,13,14,2,3,2,17,0,3
123,2,rrrrrrrrGGGgGGGg,55,17,108,12.12,13,14,2,3,2,17,0,4
124,2,rrrrrrrrGGGgGGGg,55,17,109,12.5,13,14,2,3,1,17,0,5
125,2,rrrrrrrrGGGgGGGg,57,17,108,12.5,13,15,2,3,1,17,0,6
126,2,rrrrrrrrGGGgGGGg,57,16,111,12.05,13,15,2,3,1,16,0,7
127,2,rrrrrrrrGGGgGGGg,58,15,112,11.82,14,15,2,3,2,15,0,7
128,2,rrrrrrrrGGGgGGGg,55,15,115,11.36,14,15,2,3,1,13,0,7
129,2,rrrrrrrrGGGgGGGg,56,15,115,11.25,15,15,3,3,0,12,0,8
130,2,rrrrrrrrGGGgGGGg,56,16,114,11.32,15,16,3,3,0,11,0,8
131,2,rrrrrrrrGGGgGGGg,55,16,114,11.3,15,16,3,3,0,10,0,8
132,2,rrrrrrrrGGGgGGGg,59,16,113,11.42,16,16,3,3,1,11,0,9
133,2,rrrrrrrrGGGgGGGg,60,17,114,11.38,16,17,3,3,2,10,0,9
134,2,rrrrrrrrGGGgGGGg,59,17,114,11.47,16,17,3,3,2,9,0,9
135,2,rrrrrrrrGGGgGGGg,60,17,113,12.12,16,17,3,3,2,9,0,10
136,3,rrrrrrrryyyyyyyy,60,17,112,12.38,16,17,3,3,3,8,1,9
137,3,rrrrrrrryyyyyyyy,59,18,112,12.5,17,18,3,3,3,7,0,8
138,3,rrrrrrrryyyyyyyy,61,18,112,12.73,17,18,3,4,4,7,0,8
139,3,rrrrrrrryyyyyyyy,64,19,115,12.68,18,19,3,4,5,7,0,8
140,0,GGGgGGGgrrrrrrrr,62,19,116,12.0,18,19,2,3,5,7,1,7
141,0,GGGgGGGgrrrrrrrr,61,19,116,11.51,19,19,1,2,5,7,1,7
142,0,GGGgGGGgrrrrrrrr,60,19,117,11.33,19,19,1,1,7,5,1,7
143,0,GGGgGGGgrrrrrrrr,63,20,117,11.81,19,20,2,0,8,5,2,7
144,0,GGGgGGGgrrrrrrrr,63,20,119,12.03,19,20,2,0,8,4,3,7
145,0,GGGgGGGgrrrrrrrr,64,20,120,12.35,19,20,3,0,8,3,3,8
146,0,GGGgGGGgrrrrrrrr,68,20,121,12.5,19,20,4,1,8,3,4,9
147,0,GGGgGGGgrrrrrrrr,68,20,121,12.68,18,20,4,2,9,2,4,9
148,0,GGGgGGGgrrrrrrrr,68,19,121,12.38,17,19,4,2,10,2,6,8
149,0,GGGgGGGgrrrrrrrr,67,18,121,12.07,16,18,5,3,11,2,5,7
150,0,GGGgGGGgrrrrrrrr,68,18,121,11.76,15,18,4,4,12,2,6,7
151,0,GGGgGGGgrrrrrrrr,67,17,121,11.45,15,17,3,4,12,3,6,7
152,0,GGGgGGGgrrrrrrrr,67,17,122,11.08,14,17,2,4,13,4,6,7
153,0,GGGgGGGgrrrrrrrr,68,16,126,10.48,13,16,1,4,14,5,7,8
154,0,GGGgGGGgrrrrrrrr,67,15,126,10.23,13,15,0,4,15,5,7,8
155,0,GGGgGGGgrrrrrrrr,66,15,127,9.95,12,14,0,4,15,6,7,8
156,0,GGGgGGGgrrrrrrrr,67,16,127,9.78,12,13,0,4,16,7,7,8
157,0,GGGgGGGgrrrrrrrr,66,16,127,10.0,11,13,0,4,16,7,7,8
158,0,GGGgGGGgrrrrrrrr,67,17,127,9.84,11,12,0,4,17,8,7,8
159,0,GGGgGGGgrrrrrrrr,67,18,128,9.62,10,11,0,4,18,9,7,8
160,0,GGGgGGGgrrrrrrrr,68,19,130,9.38,9,10,0,5,19,10,7,8
161,0,GGGgGGGgrrrrrrrr,69,19,130,9.28,9,10,0,5,19,11,7,8
162,0,GGGgGGGgrrrrrrrr,70,20,131,9.14,9,9,0,5,20,12,7,8
163,0,GGGgGGGgrrrrrrrr,71,21,133,9.53,10,8,0,5,21,12,7,8
164,0,GGGgGGGgrrrrrrrr,72,21,135,9.44,10,7,1,4,21,13,8,8
165,0,GGGgGGGgrrrrrrrr,72,21,135,9.5,10,7,0,4,21,13,8,9
166,0,GGGgGGGgrrrrrrrr,74,22,136,9.55,9,6,0,4,22,14,9,10
167,0,GGGgGGGgrrrrrrrr,75,22,138,9.63,10,6,0,4,22,14,9,10
168,0,GGGgGGGgrrrrrrrr,75,22,138,9.97,10,5,0,4,22,15,9,10
169,0,GGGgGGGgrrrrrrrr,77,22,137,10.31,11,4,0,4,22,16,10,10
170,0,GGGgGGGgrrrrrrrr,78,22,137,10.72,10,5,0,4,22,17,10,10
171,1,yyyyyyyyrrrrrrrr,81,23,138,10.89,10,5,1,4,23,17,11,10
172,1,yyyyyyyyrrrrrrrr,83,24,140,11.15,11,6,0,3,24,18,11,10
173,1,yyyyyyyyrrrrrrrr,83,24,140,11.74,11,5,0,3,24,19,11,10
174,1,yyyyyyyyrrrrrrrr,86,24,142,12.18,12,6,0,3,24,20,11,10
175,2,rrrrrrrrGGGgGGGg,85,23,142,11.63,12,7,1,3,23,20,10,9
176,2,rrrrrrrrGGGgGGGg,85,22,143,11.02,13,8,1,4,22,19,9,9
177,2,rrrrrrrrGGGgGGGg,83,21,144,10.44,14,8,3,3,21,18,8,8
178,2,rrrrrrrrGGGgGGGg,81,20,142,10.06,14,9,2,3,20,18,8,7
179,2,rrrrrrrrGGGgGGGg,79,20,143,9.48,15,9,2,3,20,17,7,6
180,2,rrrrrrrrGGGgGGGg,78,19,145,8.88,16,10,2,3,19,17,6,5
181,2,rrrrrrrrGGGgGGGg,77,19,146,8.35,16,11,2,3,19,17,5,4
182,2,rrrrrrrrGGGgGGGg,77,19,147,8.07,17,11,3,4,19,16,4,3
183,2,rrrrrrrrGGGgGGGg,76,18,149,7.95,18,11,3,4,17,17,4,2
184,2,rrrrrrrrGGGgGGGg,75,18,149,7.82,18,12,4,4,16,17,3,1
185,2,rrrrrrrrGGGgGGGg,75,19,150,7.94,19,13,4,4,16,17,2,0
186,2,rrrrrrrrGGGgGGGg,76,20,152,8.0,20,13,4,4,16,18,1,0
187,2,rrrrrrrrGGGgGGGg,77,20,152,8.05,20,14,4,4,16,18,0,1
188,2,rrrrrrrrGGGgGGGg,79,21,156,7.91,21,15,4,4,16,17,1,1
189,2,rrrrrrrrGGGgGGGg,80,22,155,8.05,22,16,4,4,15,17,0,2
190,2,rrrrrrrrGGGgGGGg,81,22,155,8.37,22,17,4,4,17,15,0,2
191,2,rrrrrrrrGGGgGGGg,83,23,154,8.56,23,18,4,4,18,14,0,2
192,2,rrrrrrrrGGGgGGGg,84,24,155,8.61,24,18,4,4,18,13,1,2
193,2,rrrrrrrrGGGgGGGg,85,25,155,8.75,25,18,5,5,17,13,0,2
194,2,rrrrrrrrGGGgGGGg,86,26,155,8.86,26,19,5,6,16,12,1,1
195,2,rrrrrrrrGGGgGGGg,82,26,158,8.77,26,19,5,6,15,11,0,0
196,2,rrrrrrrrGGGgGGGg,84,27,159,8.99,27,20,5,6,14,11,0,1
197,2,rrrrrrrrGGGgGGGg,82,27,158,9.15,27,21,5,6,12,10,0,1
198,2,rrrrrrrrGGGgGGGg,82,27,160,9.18,27,21,5,7,11,9,0,2
199,2,rrrrrrrrGGGgGGGg,80,27,160,9.5,27,22,5,7,10,8,0,1
200,2,rrrrrrrrGGGgGGGg,78,27,160,9.66,27,23,5,7,9,6,0,1
201,2,rrrrrrrrGGGgGGGg,80,27,161,9.77,27,24,5,7,9,6,0,2
202,2,rrrrrrrrGGGgGGGg,81,28,164,9.93,28,25,5,7,8,5,0,3
203,2,rrrrrrrrGGGgGGGg,80,28,165,10.08,28,25,5,7,7,5,0,3
204,2,rrrrrrrrGGGgGGGg,80,28,164,10.41,28,25,5,8,6,4,0,4
205,2,rrrrrrrrGGGgGGGg,81,28,165,10.65,28,27,6,8,5,3,0,4
206,3,rrrrrrrryyyyyyyy,84,29,164,11.05,29,27,7,8,5,3,0,5
207,3,rrrrrrrryyyyyyyy,83,29,164,11.46,29,28,7,8,4,2,0,5
208,3,rrrrrrrryyyyyyyy,87,29,164,11.91,29,29,7,8,4,3,0,7
209,3,rrrrrrrryyyyyyyy,85,29,165,12.32,29,29,7,8,3,2,0,7
210,0,GGGgGGGgrrrrrrrr,84,29,165,11.9,28,29,6,7,3,3,1,7
211,0,GGGgGGGgrrrrrrrr,84,29,166,11.43,27,29,5,6,3,4,2,8
212,0,GGGgGGGgrrrrrrrr,85,29,167,11.01,26,29,4,6,5,4,2,9
213,0,GGGgGGGgrrrrrrrr,84,29,167,10.85,26,29,3,5,5,5,2,9
214,0,GGGgGGGgrrrrrrrr,86,29,166,10.88,26,29,2,5,5,6,3,10
215,0,GGGgGGGgrrrrrrrr,86,29,166,10.88,25,29,1,4,7,6,3,11
216,0,GGGgGGGgrrrrrrrr,86,29,166,10.9,24,29,1,3,8,7,4,10
217,0,GGGgGGGgrrrrrrrr,86,29,166,11.02,22,29,0,3,8,8,5,11
218,0,GGGgGGGgrrrrrrrr,89,29,169,11.02,21,29,0,4,9,8,6,12
219,0,GGGgGGGgrrrrrrrr,90,29,170,11.45,21,29,0,3,10,9,6,12
220,0,GGGgGGGgrrrrrrrr,90,29,172,11.54,20,29,0,3,10,9,7,12
221,0,GGGgGGGgrrrrrrrr,93,29,173,11.74,20,29,0,3,11,10,9,11
222,0,GGGgGGGgrrrrrrrr,92,29,174,11.9,19,29,0,4,11,10,8,11
223,0,GGGgGGGgrrrrrrrr,98,30,173,12.26,19,30,0,5,13,11,9,11
224,0,GGGgGGGgrrrrrrrr,100,30,172,12.64,19,30,0,6,13,11,10,11
225,0,GGGgGGGgrrrrrrrr,101,30,172,13.23,18,30,0,6,14,12,10,11
226,0,GGGgGGGgrrrrrrrr,103,31,171,13.64,17,31,0,6,15,13,10,11
227,0,GGGgGGGgrrrrrrrr,104,31,172,13.89,16,31,0,7,14,14,11,11
228,0,GGGgGGGgrrrrrrrr,105,31,172,14.24,15,31,0,7,15,15,11,11
229,0,GGGgGGGgrrrrrrrr,106,31,172,14.59,14,31,0,8,16,15,11,11
230,0,GGGgGGGgrrrrrrrr,107,31,172,14.96,13,31,0,8,17,16,11,11
231,0,GGGgGGGgrrrrrrrr,110,31,173,15.51,13,31,0,9,18,17,11,11
232,0,GGGgGGGgrrrrrrrr,109,31,173,15.88,12,31,0,9,18,17,11,11
233,0,GGGgGGGgrrrrrrrr,111,31,173,16.27,11,31,0,9,19,19,11,11
234,0,GGGgGGGgrrrrrrrr,112,31,174,16.56,10,31,0,9,20,19,11,12
235,0,GGGgGGGgrrrrrrrr,114,31,174,17.22,10,31,0,9,21,20,11,12
236,0,GGGgGGGgrrrrrrrr,117,32,176,17.44,9,32,0,9,22,21,12,12
237,0,GGGgGGGgrrrrrrrr,117,32,177,17.75,8,32,0,9,22,22,12,12
238,0,GGGgGGGgrrrrrrrr,116,32,176,18.26,7,32,0,9,22,22,12,12
239,0,GGGgGGGgrrrrrrrr,119,32,178,18.47,7,32,0,9,24,23,12,12
240,0,GGGgGGGgrrrrrrrr,119,32,177,19.01,6,32,0,9,24,23,12,13
241,1,yyyyyyyyrrrrrrrr,122,32,178,19.44,7,32,0,9,25,24,12,13
242,1,yyyyyyyyrrrrrrrr,121,32,178,19.89,6,32,0,9,25,24,12,13
243,1,yyyyyyyyrrrrrrrr,123,32,178,20.37,6,32,0,9,26,25,12,13
244,1,yyyyyyyyrrrrrrrr,125,32,180,20.71,6,32,0,9,26,27,12,13
245,2,rrrrrrrrGGGgGGGg,121,32,181,20.24,5,32,0,9,27,25,11,12
246,2,rrrrrrrrGGGgGGGg,122,32,181,20.05,6,32,1,9,26,27,10,11
247,2,rrrrrrrrGGGgGGGg,122,32,181,19.95,6,32,2,9,26,28,9,10
248,2,rrrrrrrrGGGgGGGg,120,32,180,20.11,6,32,2,9,26,28,8,9
249,2,rrrrrrrrGGGgGGGg,121,32,182,19.94,7,32,3,9,25,30,7,8
250,2,rrrrrrrrGGGgGGGg,120,32,183,19.89,8,32,4,9,25,29,6,7
251,2,rrrrrrrrGGGgGGGg,122,32,183,19.97,8,32,4,9,26,31,6,6
252,2,rrrrrrrrGGGgGGGg,121,32,183,20.04,9,32,5,9,24,31,5,6
253,2,rrrrrrrrGGGgGGGg,121,32,183,20.11,9,32,6,9,24,32,4,5
254,2,rrrrrrrrGGGgGGGg,119,32,183,20.17,10,32,6,9,23,32,3,4
255,2,rrrrrrrrGGGgGGGg,117,32,183,20.44,10,32,6,10,22,32,2,3
256,2,rrrrrrrrGGGgGGGg,118,32,182,21.02,11,32,7,10,21,32,2,3
257,2,rrrrrrrrGGGgGGGg,116,32,183,21.1,12,32,7,10,20,32,1,2
258,2,rrrrrrrrGGGgGGGg,113,32,183,21.39,12,32,7,10,19,32,0,1
259,2,rrrrrrrrGGGgGGGg,112,32,183,21.78,13,32,7,10,18,32,0,0
260,2,rrrrrrrrGGGgGGGg,114,32,183,22.23,14,32,8,11,17,32,0,0
261,2,rrrrrrrrGGGgGGGg,114,32,184,22.55,15,32,8,11,16,32,0,0
262,2,rrrrrrrrGGGgGGGg,113,32,183,23.12,15,32,8,11,15,32,0,0
263,2,rrrrrrrrGGGgGGGg,115,32,182,23.88,16,32,9,11,15,32,0,0
264,2,rrrrrrrrGGGgGGGg,116,32,182,24.34,17,32,9,12,14,32,0,0
265,2,rrrrrrrrGGGgGGGg,117,32,183,24.68,18,32,9,12,13,32,0,1
266,2,rrrrrrrrGGGgGGGg,119,32,182,25.3,19,32,10,12,13,32,0,1
267,2,rrrrrrrrGGGgGGGg,120,32,181,25.93,19,32,11,12,12,32,0,2
268,2,rrrrrrrrGGGgGGGg,121,32,180,26.57,19,32,11,12,12,32,0,3
269,2,rrrrrrrrGGGgGGGg,122,32,180,27.09,20,32,11,12,12,32,0,3
270,2,rrrrrrrrGGGgGGGg,123,32,181,27.45,22,32,11,12,11,32,0,3
271,2,rrrrrrrrGGGgGGGg,124,32,182,27.8,23,32,11,12,10,32,0,4
272,2,rrrrrrrrGGGgGGGg,126,32,185,28.02,24,32,11,12,10,32,0,5
273,2,rrrrrrrrGGGgGGGg,125,32,186,28.35,24,32,12,12,8,32,0,5
274,2,rrrrrrrrGGGgGGGg,126,32,185,29.02,25,32,12,12,7,32,0,6
275,2,rrrrrrrrGGGgGGGg,126,32,185,29.54,25,32,12,12,6,32,0,7
276,3,rrrrrrrryyyyyyyy,126,32,185,29.99,26,32,12,12,5,32,0,7
277,3,rrrrrrrryyyyyyyy,126,32,186,30.34,27,32,12,12,4,32,0,7
278,3,rrrrrrrryyyyyyyy,130,32,185,31.2,28,32,12,13,5,32,0,8
279,3,rrrrrrrryyyyyyyy,129,32,186,31.56,28,32,12,13,4,32,1,7
280,0,GGGgGGGgrrrrrrrr,128,32,185,31.51,29,32,11,12,3,32,1,8
281,0,GGGgGGGgrrrrrrrr,124,32,185,31.43,27,32,10,11,4,32,1,7
282,0,GGGgGGGgrrrrrrrr,124,32,186,31.21,28,32,9,10,4,32,2,7
283,0,GGGgGGGgrrrrrrrr,124,32,184,31.5,28,32,8,9,5,32,2,8
284,0,GGGgGGGgrrrrrrrr,121,32,184,30.8,27,31,7,8,5,32,3,8
285,0,GGGgGGGgrrrrrrrr,118,32,182,30.43,26,30,6,7,6,32,3,8
286,0,GGGgGGGgrrrrrrrr,119,32,182,30.4,26,30,5,6,7,32,4,9
287,0,GGGgGGGgrrrrrrrr,116,32,184,29.39,25,29,4,6,7,32,4,9
288,0,GGGgGGGgrrrrrrrr,114,32,185,28.56,23,28,4,5,7,32,5,10
289,0,GGGgGGGgrrrrrrrr,114,32,185,28.23,22,27,3,5,8,32,6,11
290,0,GGGgGGGgrrrrrrrr,113,32,185,28.54,22,27,2,4,8,32,7,11
291,0,GGGgGGGgrrrrrrrr,111,32,184,28.21,21,26,1,4,9,32,7,11
292,0,GGGgGGGgrrrrrrrr,110,32,184,27.82,21,25,0,3,10,32,8,11
293,0,GGGgGGGgrrrrrrrr,109,32,184,27.52,20,25,0,3,10,32,8,11
294,0,GGGgGGGgrrrrrrrr,109,32,183,27.4,20,24,0,3,11,32,8,11
295,0,GGGgGGGgrrrrrrrr,112,32,184,27.23,21,23,0,4,12,32,9,11
296,0,GGGgGGGgrrrrrrrr,109,32,183,26.97,19,21,0,4,13,32,9,11
297,0,GGGgGGGgrrrrrrrr,112,32,183,26.97,20,20,0,5,14,32,9,12
298,0,GGGgGGGgrrrrrrrr,112,32,182,26.93,19,19,0,6,14,32,10,12
299,0,GGGgGGGgrrrrrrrr,114,32,183,27.23,19,19,0,6,15,32,11,12
300,0,GGGgGGGgrrrrrrrr,115,32,183,27.07,19,18,0,7,16,32,11,12
301,0,GGGgGGGgrrrrrrrr,114,32,182,27.04,18,17,0,8,16,32,11,12
302,0,GGGgGGGgrrrrrrrr,116,32,181,27.22,18,16,0,8,18,32,12,12
303,0,GGGgGGGgrrrrrrrr,117,32,180,27.21,18,15,0,9,18,32,12,13
304,0,GGGgGGGgrrrrrrrr,118,32,181,27.53,18,15,0,9,19,32,12,13
305,0,GGGgGGGgrrrrrrrr,117,32,180,26.91,18,13,0,10,19,32,12,13
306,0,GGGgGGGgrrrrrrrr,118,32,179,27.54,18,13,0,10,20,32,12,13
307,0,GGGgGGGgrrrrrrrr,115,32,179,27.28,16,12,0,10,20,32,12,13
308,0,GGGgGGGgrrrrrrrr,116,32,179,27.06,15,11,0,12,21,32,12,13
309,0,GGGgGGGgrrrrrrrr,114,32,178,27.16,14,10,0,12,21,32,12,13
310,0,GGGgGGGgrrrrrrrr,116,32,178,26.94,14,9,0,13,23,32,12,13
311,1,yyyyyyyyrrrrrrrr,114,32,178,27.34,12,10,0,13,22,32,12,13
312,1,yyyyyyyyrrrrrrrr,112,32,177,27.25,10,9,0,13,23,32,12,13
313,1,yyyyyyyyrrrrrrrr,112,32,177,27.04,9,8,0,13,25,32,12,13
314,1,yyyyyyyyrrrrrrrr,114,32,179,26.53,9,8,2,13,25,32,12,13
315,2,rrrrrrrrGGGgGGGg,110,32,179,25.78,8,7,2,13,25,32,11,12
316,2,rrrrrrrrGGGgGGGg,108,32,181,24.59,7,7,3,13,25,32,10,11
317,2,rrrrrrrrGGGgGGGg,107,32,182,24.06,7,6,4,12,26,32,9,11
318,2,rrrrrrrrGGGgGGGg,104,32,181,23.33,7,6,3,12,26,32,8,10
319,2,rrrrrrrrGGGgGGGg,100,32,181,22.95,6,5,4,12,24,32,7,10
320,2,rrrrrrrrGGGgGGGg,100,32,181,22.35,7,5,5,12,24,32,6,9
321,2,rrrrrrrrGGGgGGGg,101,32,182,22.29,7,6,6,12,24,32,6,8
322,2,rrrrrrrrGGGgGGGg,103,32,182,22.19,8,7,6,12,25,32,6,7
323,2,rrrrrrrrGGGgGGGg,102,32,183,21.98,8,7,7,13,25,32,4,6
324,2,rrrrrrrrGGGgGGGg,104,32,183,22.17,10,8,7,13,25,32,3,6
325,2,rrrrrrrrGGGgGGGg,101,31,184,21.74,8,9,8,13,24,31,3,5
326,2,rrrrrrrrGGGgGGGg,103,30,184,21.27,10,10,9,13,24,30,2,5
327,2,rrrrrrrrGGGgGGGg,103,29,184,20.6,10,12,10,13,23,29,2,4
328,2,rrrrrrrrGGGgGGGg,103,28,185,20.04,11,13,10,13,21,28,1,6
329,2,rrrrrrrrGGGgGGGg,98,27,185,19.57,11,12,10,13,20,27,0,5
330,2,rrrrrrrrGGGgGGGg,99,26,187,18.9,12,13,11,14,18,26,0,5
331,2,rrrrrrrrGGGgGGGg,99,25,187,18.61,13,13,11,14,17,25,0,6
332,2,rrrrrrrrGGGgGGGg,100,24,187,18.5,13,14,11,14,17,24,0,7
333,2,rrrrrrrrGGGgGGGg,98,24,187,18.81,12,14,12,14,15,24,0,7
334,2,rrrrrrrrGGGgGGGg,99,23,186,18.62,13,16,12,14,14,23,0,7
335,2,rrrrrrrrGGGgGGGg,100,22,186,18.53,13,16,13,14,14,22,0,8
336,2,rrrrrrrrGGGgGGGg,101,21,186,18.27,14,17,13,14,13,21,0,9
337,2,rrrrrrrrGGGgGGGg,102,20,185,18.13,15,17,13,15,12,20,0,10
338,2,rrrrrrrrGGGgGGGg,105,19,185,17.94,17,18,13,15,12,19,0,11
339,2,rrrrrrrrGGGgGGGg,105,19,185,18.34,17,19,13,15,11,19,0,11
340,2,rrrrrrrrGGGgGGGg,107,20,185,18.16,18,20,13,15,11,18,0,12
341,2,rrrrrrrrGGGgGGGg,106,21,185,17.96,17,21,13,15,10,18,0,12
342,2,rrrrrrrrGGGgGGGg,108,21,186,17.82,17,21,13,16,11,17,0,13
343,2,rrrrrrrrGGGgGGGg,110,23,187,17.54,16,23,14,16,11,16,0,14
344,2,rrrrrrrrGGGgGGGg,110,23,187,17.33,17,23,14,16,9,17,1,13
345,2,rrrrrrrrGGGgGGGg,108,23,186,17.19,18,23,15,16,8,15,0,13
346,3,rrrrrrrryyyyyyyy,107,24,187,17.49,18,24,15,16,6,15,0,13
347,3,rrrrrrrryyyyyyyy,107,24,189,17.11,19,24,15,16,6,14,0,13
348,3,rrrrrrrryyyyyyyy,107,25,187,17.08,20,25,15,16,5,12,1,13
349,3,rrrrrrrryyyyyyyy,108,26,184,17.16,21,26,15,16,4,12,1,13
350,0,GGGgGGGgrrrrrrrr,103,25,184,16.05,20,25,14,15,3,10,3,13
351,0,GGGgGGGgrrrrrrrr,100,26,185,14.89,20,26,13,14,1,10,3,13
352,0,GGGgGGGgrrrrrrrr,99,26,184,14.06,20,26,12,13,3,9,3,13
353,0,GGGgGGGgrrrrrrrr,98,26,184,13.16,20,26,11,12,3,9,4,13
354,0,GGGgGGGgrrrrrrrr,98,27,184,12.28,20,27,10,11,3,9,5,13
355,0,GGGgGGGgrrrrrrrr,100,29,184,11.59,20,29,9,10,4,9,6,13
356,0,GGGgGGGgrrrrrrrr,99,29,185,11.42,19,29,10,9,4,9,7,12
357,0,GGGgGGGgrrrrrrrr,97,30,186,10.49,18,30,9,8,6,9,6,11
358,0,GGGgGGGgrrrrrrrr,99,31,187,9.73,19,31,8,8,6,9,7,11
359,0,GGGgGGGgrrrrrrrr,98,30,188,8.84,19,30,7,7,8,8,8,11
360,0,GGGgGGGgrrrrrrrr,98,32,189,8.43,18,32,6,7,8,8,8,11
361,0,GGGgGGGgrrrrrrrr,97,31,189,8.17,17,31,6,6,8,9,9,11
362,0,GGGgGGGgrrrrrrrr,101,32,190,8.09,20,32,5,5,8,9,10,12
363,0,GGGgGGGgrrrrrrrr,102,31,191,7.89,21,31,4,4,9,10,11,12
364,0,GGGgGGGgrrrrrrrr,99,31,191,7.78,18,31,3,3,10,10,11,13
365,0,GGGgGGGgrrrrrrrr,97,31,192,7.66,16,31,2,2,11,11,11,13
366,0,GGGgGGGgrrrrrrrr,100,31,194,7.79,17,31,2,2,11,12,12,13
367,0,GGGgGGGgrrrrrrrr,101,32,194,8.09,16,32,1,2,12,13,12,13
368,0,GGGgGGGgrrrrrrrr,101,31,196,8.22,15,31,1,3,13,13,12,13
369,0,GGGgGGGgrrrrrrrr,100,31,197,8.35,14,31,0,3,13,13,12,14
370,0,GGGgGGGgrrrrrrrr,102,31,196,8.62,13,31,0,3,14,14,13,14
371,0,GGGgGGGgrrrrrrrr,105,31,197,8.83,12,31,0,5,16,14,13,14
372,0,GGGgGGGgrrrrrrrr,108,32,196,9.42,13,32,0,5,16,15,13,14
373,0,GGGgGGGgrrrrrrrr,104,31,196,9.64,11,31,0,5,15,15,13,14
374,0,GGGgGGGgrrrrrrrr,106,31,196,9.89,10,31,0,6,16,16,13,14
375,0,GGGgGGGgrrrrrrrr,109,31,197,10.11,9,31,0,7,17,17,13,15
376,0,GGGgGGGgrrrrrrrr,110,31,198,10.44,9,31,0,7,18,17,13,15
377,0,GGGgGGGgrrrrrrrr,113,31,198,10.72,9,31,0,8,19,18,13,15
378,0,GGGgGGGgrrrrrrrr,115,32,199,11.13,9,32,0,8,19,19,13,15
379,0,GGGgGGGgrrrrrrrr,119,32,198,11.79,9,32,0,9,20,20,14,15
380,0,GGGgGGGgrrrrrrrr,121,32,199,12.23,9,32,0,10,21,20,14,15
381,1,yyyyyyyyrrrrrrrr,123,32,198,12.71,9,32,0,10,22,21,14,15
382,1,yyyyyyyyrrrrrrrr,126,32,198,13.34,9,32,0,11,22,23,14,15
383,1,yyyyyyyyrrrrrrrr,128,32,198,13.87,9,32,0,12,23,22,14,16
384,1,yyyyyyyyrrrrrrrr,130,32,198,14.41,8,32,0,13,23,23,15,16
385,2,rrrrrrrrGGGgGGGg,131,32,197,14.17,8,32,1,14,24,23,14,15
386,2,rrrrrrrrGGGgGGGg,128,32,197,13.87,8,32,2,14,23,22,13,14
387,2,rrrrrrrrGGGgGGGg,126,32,197,13.68,8,32,2,15,22,22,12,13
388,2,rrrrrrrrGGGgGGGg,126,32,197,13.4,8,32,3,16,21,22,11,13
389,2,rrrrrrrrGGGgGGGg,130,32,197,13.25,9,32,3,17,23,23,11,12
390,2,rrrrrrrrGGGgGGGg,127,32,196,13.13,10,32,3,17,22,22,10,11
391,2,rrrrrrrrGGGgGGGg,126,32,199,12.76,10,32,4,18,22,21,9,10
392,2,rrrrrrrrGGGgGGGg,127,32,200,12.56,11,32,5,18,22,22,8,9
393,2,rrrrrrrrGGGgGGGg,125,32,201,12.51,12,32,5,18,23,20,7,8
394,2,rrrrrrrrGGGgGGGg,122,32,200,12.42,12,32,6,18,21,20,6,7
395,2,rrrrrrrrGGGgGGGg,123,32,199,12.5,13,32,6,19,21,21,5,6
396,2,rrrrrrrrGGGgGGGg,124,32,199,12.5,14,32,8,19,21,21,4,5
397,2,rrrrrrrrGGGgGGGg,123,32,198,12.86,14,32,8,19,20,22,4,4
398,2,rrrrrrrrGGGgGGGg,118,32,200,12.71,14,32,9,18,19,20,3,3
399,2,rrrrrrrrGGGgGGGg,115,32,200,12.75,15,32,9,18,18,19,2,2
400,2,rrrrrrrrGGGgGGGg,114,32,200,13.01,16,32,10,18,18,18,1,1
401,2,rrrrrrrrGGGgGGGg,113,32,199,13.28,17,32,11,18,17,17,0,1
402,2,rrrrrrrrGGGgGGGg,110,32,197,13.63,17,32,11,18,16,16,0,0
403,2,rrrrrrrrGGGgGGGg,113,32,197,14.06,18,32,12,19,16,15,0,1
404,2,rrrrrrrrGGGgGGGg,113,32,197,14.47,18,32,13,19,16,15,0,0
405,2,rrrrrrrrGGGgGGGg,112,32,197,14.74,20,32,13,19,14,14,0,0
406,2,rrrrrrrrGGGgGGGg,111,32,197,15.01,20,32,14,19,13,13,0,0
407,2,rrrrrrrrGGGgGGGg,110,32,196,15.35,21,32,15,18,12,12,0,0
408,2,rrrrrrrrGGGgGGGg,108,32,196,15.6,20,32,16,18,11,11,0,0
409,2,rrrrrrrrGGGgGGGg,108,32,196,15.88,22,32,15,18,10,10,0,1
410,2,rrrrrrrrGGGgGGGg,111,32,196,16.17,23,32,16,18,10,10,0,2
411,2,rrrrrrrrGGGgGGGg,112,32,196,16.47,24,32,17,18,10,9,0,2
412,2,rrrrrrrrGGGgGGGg,115,32,194,17.23,24,32,17,19,11,9,0,3
413,2,rrrrrrrrGGGgGGGg,114,32,194,17.68,24,32,18,19,9,8,0,4
414,2,rrrrrrrrGGGgGGGg,115,32,194,18.13,25,32,18,19,10,7,0,4
415,2,rrrrrrrrGGGgGGGg,117,32,194,18.47,26,32,18,19,10,7,0,5
416,3,rrrrrrrryyyyyyyy,116,32,193,18.84,27,32,18,19,9,6,0,5
417,3,rrrrrrrryyyyyyyy,119,32,192,19.29,28,32,18,19,10,6,0,6
418,3,rrrrrrrryyyyyyyy,120,32,193,19.54,28,32,18,19,10,6,0,7
419,3,rrrrrrrryyyyyyyy,120,32,192,20.01,29,32,18,19,9,5,1,7
420,0,GGGgGGGgrrrrrrrr,119,32,193,19.7,29,32,17,18,9,6,1,7
421,0,GGGgGGGgrrrrrrrr,118,32,194,19.27,28,32,16,17,10,6,1,8
422,0,GGGgGGGgrrrrrrrr,119,32,192,19.41,29,32,15,16,9,7,2,9
423,0,GGGgGGGgrrrrrrrr,118,32,193,19.11,28,32,14,15,9,6,3,11
424,0,GGGgGGGgrrrrrrrr,117,32,193,19.06,28,32,13,14,10,7,3,10
425,0,GGGgGGGgrrrrrrrr,115,31,191,18.84,27,31,12,13,10,7,4,11
426,0,GGGgGGGgrrrrrrrr,115,30,192,18.33,26,30,11,12,11,8,5,12
427,0,GGGgGGGgrrrrrrrr,117,30,192,18.32,26,30,10,11,12,9,6,13
428,0,GGGgGGGgrrrrrrrr,116,29,193,17.82,25,29,9,10,13,10,7,13
429,0,GGGgGGGgrrrrrrrr,113,28,193,17.57,23,28,9,10,13,10,8,12
430,0,GGGgGGGgrrrrrrrr,109,27,194,17.02,21,27,9,9,14,11,7,11
431,0,GGGgGGGgrrrrrrrr,111,26,196,16.86,21,26,8,10,15,13,8,10
432,0,GGGgGGGgrrrrrrrr,112,25,195,16.71,20,25,8,11,15,14,9,10
433,0,GGGgGGGgrrrrrrrr,109,26,195,16.66,19,26,7,9,16,13,9,10
434,0,GGGgGGGgrrrrrrrr,109,25,194,16.34,18,25,6,9,17,14,10,10
435,0,GGGgGGGgrrrrrrrr,111,25,194,15.96,17,25,6,9,18,15,10,11
436,0,GGGgGGGgrrrrrrrr,111,25,193,15.67,16,25,5,10,18,15,10,12
437,0,GGGgGGGgrrrrrrrr,110,24,195,15.14,15,24,4,10,19,15,11,12
438,0,GGGgGGGgrrrrrrrr,115,25,196,14.87,15,25,5,11,20,16,11,12
439,0,GGGgGGGgrrrrrrrr,112,23,197,14.71,15,23,4,10,21,16,11,12
440,0,GGGgGGGgrrrrrrrr,114,23,197,14.57,14,23,3,11,22,18,11,12
441,0,GGGgGGGgrrrrrrrr,113,23,196,14.6,13,23,2,11,22,18,12,12
442,0,GGGgGGGgrrrrrrrr,112,23,196,14.6,11,23,1,11,22,20,12,12
443,0,GGGgGGGgrrrrrrrr,112,24,196,15.12,11,24,0,11,22,19,13,12
444,0,GGGgGGGgrrrrrrrr,113,24,196,15.16,11,24,0,10,23,20,13,12
445,0,GGGgGGGgrrrrrrrr,116,25,196,15.22,11,23,0,11,25,21,13,12
446,0,GGGgGGGgrrrrrrrr,119,25,196,15.47,11,23,0,12,25,22,13,13
447,0,GGGgGGGgrrrrrrrr,122,26,196,15.92,11,24,0,13,26,22,13,13
448,0,GGGgGGGgrrrrrrrr,125,27,198,15.86,11,24,0,14,27,23,13,13
449,0,GGGgGGGgrrrrrrrr,125,27,196,16.12,10,23,0,15,27,24,13,13
450,0,GGGgGGGgrrrrrrrr,128,28,194,16.41,10,23,0,16,28,25,13,13
451,1,yyyyyyyyrrrrrrrr,129,28,194,16.21,10,23,0,16,28,25,14,13
452,1,yyyyyyyyrrrrrrrr,131,29,194,16.17,9,22,0,17,29,26,14,14
453,1,yyyyyyyyrrrrrrrr,135,30,195,16.07,9,22,1,18,30,27,14,14
454,1,yyyyyyyyrrrrrrrr,136,31,196,15.98,9,21,1,18,31,28,14,14
455,2,rrrrrrrrGGGgGGGg,135,31,195,15.41,9,21,1,19,31,28,13,13
456,2,rrrrrrrrGGGgGGGg,135,30,194,14.99,10,21,1,20,30,29,12,12
457,2,rrrrrrrrGGGgGGGg,134,30,193,15.13,9,23,1,20,29,30,11,11
458,2,rrrrrrrrGGGgGGGg,134,31,193,15.19,10,23,2,20,28,31,10,10
459,2,rrrrrrrrGGGgGGGg,130,31,194,14.09,10,21,3,20,27,31,9,9
460,2,rrrrrrrrGGGgGGGg,129,31,194,14.14,11,21,3,20,27,31,8,8
461,2,rrrrrrrrGGGgGGGg,129,32,194,13.65,12,21,4,20,26,32,7,7
462,2,rrrrrrrrGGGgGGGg,128,32,194,13.72,12,21,6,19,26,32,6,6
463,2,rrrrrrrrGGGgGGGg,126,32,193,13.27,13,21,5,19,25,32,5,6
464,2,rrrrrrrrGGGgGGGg,126,32,194,13.49,14,21,6,19,24,32,4,6
465,2,rrrrrrrrGGGgGGGg,127,32,194,13.59,15,22,7,19,23,32,3,6
466,2,rrrrrrrrGGGgGGGg,126,32,194,13.86,15,23,8,18,22,32,3,5
467,2,rrrrrrrrGGGgGGGg,123,32,194,13.93,15,24,8,18,20,32,2,4
468,2,rrrrrrrrGGGgGGGg,125,32,194,14.25,17,25,9,18,18,32,1,5
469,2,rrrrrrrrGGGgGGGg,124,32,194,14.68,16,26,10,18,18,32,0,4
470,2,rrrrrrrrGGGgGGGg,126,32,194,15.04,17,27,12,17,17,32,0,4
471,2,rrrrrrrrGGGgGGGg,128,32,194,15.38,19,28,12,17,16,32,0,4
472,2,rrrrrrrrGGGgGGGg,127,32,193,15.92,18,28,12,17,15,32,0,5
473,2,rrrrrrrrGGGgGGGg,129,32,193,16.39,19,29,12,17,15,32,0,5
474,2,rrrrrrrrGGGgGGGg,130,32,194,16.78,20,28,13,18,13,32,0,6
475,2,rrrrrrrrGGGgGGGg,133,32,194,17.28,21,29,14,18,13,32,0,6
476,2,rrrrrrrrGGGgGGGg,131,32,193,17.85,20,30,14,18,11,32,0,6
477,2,rrrrrrrrGGGgGGGg,132,32,194,18.25,21,30,14,18,10,32,0,7
478,2,rrrrrrrrGGGgGGGg,136,32,193,18.88,23,31,15,18,10,32,0,7
479,2,rrrrrrrrGGGgGGGg,140,32,195,19.41,24,32,16,18,10,32,0,8
480,2,rrrrrrrrGGGgGGGg,142,32,195,19.96,25,32,17,18,10,32,0,8
481,2,rrrrrrrrGGGgGGGg,142,32,193,20.73,25,32,17,18,9,32,0,9
482,2,rrrrrrrrGGGgGGGg,144,32,193,21.3,26,32,17,18,9,32,0,10
483,2,rrrrrrrrGGGgGGGg,146,32,194,21.76,27,32,17,18,9,32,0,11
484,2,rrrrrrrrGGGgGGGg,147,32,194,22.53,27,32,17,18,9,32,1,11
485,2,rrrrrrrrGGGgGGGg,145,32,194,23.08,28,32,17,18,8,32,0,10
486,3,rrrrrrrryyyyyyyy,147,32,194,23.55,29,32,18,18,8,32,0,10
487,3,rrrrrrrryyyyyyyy,147,32,193,24.25,29,32,18,18,8,32,0,10
488,3,rrrrrrrryyyyyyyy,147,32,193,24.84,29,32,18,18,8,32,0,10
489,3,rrrrrrrryyyyyyyy,150,32,192,25.75,31,32,18,19,8,32,0,10
490,0,GGGgGGGgrrrrrrrr,147,32,192,25.58,29,32,17,18,8,32,0,11
491,0,GGGgGGGgrrrrrrrr,147,32,192,25.62,30,32,16,17,8,32,1,11
492,0,GGGgGGGgrrrrrrrr,145,32,192,25.36,29,31,15,17,9,32,1,11
493,0,GGGgGGGgrrrrrrrr,144,32,192,25.41,28,31,14,16,10,32,2,11
494,0,GGGgGGGgrrrrrrrr,141,32,192,25.14,27,30,13,15,11,32,2,11
495,0,GGGgGGGgrrrrrrrr,139,32,193,24.75,26,29,12,15,11,32,4,10
496,0,GGGgGGGgrrrrrrrr,137,32,193,24.45,25,28,11,15,12,32,4,10
497,0,GGGgGGGgrrrrrrrr,135,32,193,24.18,24,27,10,15,13,32,4,10
498,0,GGGgGGGgrrrrrrrr,135,32,194,23.79,23,26,10,14,15,32,5,10
499,0,GGGgGGGgrrrrrrrr,133,32,193,23.64,22,25,9,14,15,32,7,9
500,0,GGGgGGGgrrrrrrrr,131,32,194,23.38,22,24,8,14,15,32,7,9
501,0,GGGgGGGgrrrrrrrr,129,32,193,23.37,21,23,8,14,15,32,7,9
502,0,GGGgGGGgrrrrrrrr,129,32,193,23.38,20,22,7,15,16,32,8,9
503,0,GGGgGGGgrrrrrrrr,126,32,194,22.98,19,21,6,14,17,32,8,9
504,0,GGGgGGGgrrrrrrrr,125,32,194,22.98,18,21,5,14,17,32,9,9
505,0,GGGgGGGgrrrrrrrr,124,32,193,22.82,17,20,4,14,19,32,9,9
506,0,GGGgGGGgrrrrrrrr,124,32,192,22.87,17,19,4,14,20,32,9,9
507,0,GGGgGGGgrrrrrrrr,119,32,192,22.56,16,18,3,13,19,32,9,9
508,0,GGGgGGGgrrrrrrrr,118,32,192,22.52,15,17,3,13,20,32,9,9
509,0,GGGgGGGgrrrrrrrr,117,32,192,22.71,14,17,2,13,21,32,9,9
510,0,GGGgGGGgrrrrrrrr,113,32,191,22.79,13,16,1,12,21,32,9,9
511,0,GGGgGGGgrrrrrrrr,111,32,193,22.55,12,15,0,12,22,32,9,9
512,0,GGGgGGGgrrrrrrrr,111,32,192,22.75,12,14,0,12,23,32,9,9
513,0,GGGgGGGgrrrrrrrr,111,32,192,23.04,12,14,0,12,23,32,9,9
514,0,GGGgGGGgrrrrrrrr,109,32,191,23.26,10,12,0,13,24,32,9,9
515,0,GGGgGGGgrrrrrrrr,110,32,192,23.25,9,11,0,14,25,32,10,9
516,0,GGGgGGGgrrrrrrrr,109,32,194,23.12,8,10,0,14,25,32,10,10
517,0,GGGgGGGgrrrrrrrr,109,32,194,23.5,7,10,0,14,26,32,10,10
518,0,GGGgGGGgrrrrrrrr,111,32,194,23.9,6,10,0,15,28,32,10,10
519,0,GGGgGGGgrrrrrrrr,111,32,196,23.95,6,9,0,16,27,32,10,11
520,0,GGGgGGGgrrrrrrrr,111,32,196,24.06,5,8,0,16,29,32,10,11
521,1,yyyyyyyyrrrrrrrr,110,32,195,24.29,4,7,0,17,29,32,10,11
522,1,yyyyyyyyrrrrrrrr,111,32,195,24.41,3,6,0,19,30,32,10,11
523,1,yyyyyyyyrrrrrrrr,110,32,194,24.93,2,6,0,18,31,32,10,11
524,1,yyyyyyyyrrrrrrrr,112,32,195,24.77,1,6,1,19,32,32,10,11
525,2,rrrrrrrrGGGgGGGg,108,31,195,23.59,1,5,1,20,31,31,9,10
526,2,rrrrrrrrGGGgGGGg,107,30,195,22.62,2,5,1,21,30,30,8,10
527,2,rrrrrrrrGGGgGGGg,105,29,195,21.65,3,4,2,21,29,29,8,9
528,2,rrrrrrrrGGGgGGGg,101,28,195,20.66,3,4,2,21,28,28,7,8
529,2,rrrrrrrrGGGgGGGg,100,28,193,20.45,4,4,3,22,27,28,5,7
530,2,rrrrrrrrGGGgGGGg,99,27,194,19.63,4,4,4,23,26,27,5,6
531,2,rrrrrrrrGGGgGGGg,97,26,193,19.01,5,5,4,23,25,26,3,6
532,2,rrrrrrrrGGGgGGGg,99,25,194,18.65,6,5,5,23,24,25,4,7
533,2,rrrrrrrrGGGgGGGg,100,24,193,18.06,7,6,6,23,23,24,4,7
534,2,rrrrrrrrGGGgGGGg,99,24,192,17.48,8,6,6,24,22,24,3,6
535,2,rrrrrrrrGGGgGGGg,99,24,192,17.23,8,7,7,24,22,23,2,6
536,2,rrrrrrrrGGGgGGGg,101,24,193,17.43,8,9,9,23,21,24,1,6
537,2,rrrrrrrrGGGgGGGg,101,24,193,17.08,9,9,9,23,20,24,1,6
538,2,rrrrrrrrGGGgGGGg,99,23,194,16.66,10,9,9,23,19,23,0,6
539,2,rrrrrrrrGGGgGGGg,97,23,196,16.19,10,9,10,23,18,22,0,5
540,2,rrrrrrrrGGGgGGGg,103,23,196,16.72,11,10,12,23,18,23,0,6
541,2,rrrrrrrrGGGgGGGg,104,23,196,16.51,11,11,12,23,17,22,0,8
542,2,rrrrrrrrGGGgGGGg,104,23,197,16.2,12,12,12,23,16,22,0,7
543,2,rrrrrrrrGGGgGGGg,105,23,198,15.93,13,12,13,23,15,22,0,7
544,2,rrrrrrrrGGGgGGGg,108,22,198,15.76,14,13,14,22,15,21,0,9
545,2,rrrrrrrrGGGgGGGg,109,21,198,15.39,14,14,14,21,15,21,0,10
546,2,rrrrrrrrGGGgGGGg,110,21,197,15.22,15,14,15,21,14,20,0,11
547,2,rrrrrrrrGGGgGGGg,113,22,196,15.67,16,16,16,20,12,22,0,11
548,2,rrrrrrrrGGGgGGGg,113,21,196,15.52,16,17,17,20,11,21,0,11
549,2,rrrrrrrrGGGgGGGg,114,23,195,15.98,17,16,17,20,9,23,0,12
550,2,rrrrrrrrGGGgGGGg,118,21,195,15.52,18,18,18,21,10,21,0,12
551,2,rrrrrrrrGGGgGGGg,117,22,195,15.41,17,19,18,22,9,20,0,12
552,2,rrrrrrrrGGGgGGGg,118,22,194,15.37,18,18,19,22,9,20,0,12
553,2,rrrrrrrrGGGgGGGg,122,23,194,15.8,20,19,20,23,8,20,1,11
554,2,rrrrrrrrGGGgGGGg,120,23,194,15.66,21,19,20,23,6,20,0,11
555,2,rrrrrrrrGGGgGGGg,120,23,195,15.49,21,20,21,23,4,20,0,11
556,3,rrrrrrrryyyyyyyy,125,24,198,15.57,21,23,22,24,4,20,0,11
557,3,rrrrrrrryyyyyyyy,126,24,198,15.49,22,23,22,24,3,20,0,12
558,3,rrrrrrrryyyyyyyy,125,24,197,15.5,23,23,22,24,2,19,0,12
559,3,rrrrrrrryyyyyyyy,127,24,197,15.44,24,24,22,24,1,19,1,12
560,0,GGGgGGGgrrrrrrrr,126,23,196,14.77,23,23,21,23,2,19,2,13
561,0,GGGgGGGgrrrrrrrr,124,24,196,14.02,22,24,20,22,2,19,2,13
562,0,GGGgGGGgrrrrrrrr,123,23,195,13.36,22,23,19,21,3,19,3,13
563,0,GGGgGGGgrrrrrrrr,122,23,197,13.03,22,23,19,20,3,19,4,12
564,0,GGGgGGGgrrrrrrrr,124,24,198,12.73,23,24,18,19,4,20,4,12
565,0,GGGgGGGgrrrrrrrr,123,25,199,12.45,25,23,17,19,5,19,4,11
566,0,GGGgGGGgrrrrrrrr,127,25,200,12.23,25,25,17,18,6,20,5,11
567,0,GGGgGGGgrrrrrrrr,127,26,201,12.18,24,26,16,18,6,21,5,11
568,0,GGGgGGGgrrrrrrrr,130,27,201,12.49,23,27,15,19,7,22,6,11
569,0,GGGgGGGgrrrrrrrr,133,28,201,12.38,23,28,14,18,8,23,7,12
570,0,GGGgGGGgrrrrrrrr,134,29,200,12.65,22,29,14,18,8,24,7,12
571,0,GGGgGGGgrrrrrrrr,135,29,201,12.5,22,29,13,17,9,25,8,12
572,0,GGGgGGGgrrrrrrrr,135,29,202,12.36,22,29,12,17,10,24,9,12
573,0,GGGgGGGgrrrrrrrr,136,30,202,12.58,22,30,11,16,10,26,9,12
574,0,GGGgGGGgrrrrrrrr,134,29,201,12.55,20,29,10,16,11,26,10,12
575,0,GGGgGGGgrrrrrrrr,135,30,202,12.57,19,30,9,17,11,27,10,12
576,0,GGGgGGGgrrrrrrrr,135,30,203,12.73,18,30,8,17,12,28,10,12
577,0,GGGgGGGgrrrrrrrr,134,31,203,12.8,16,31,8,17,13,27,10,12
578,0,GGGgGGGgrrrrrrrr,133,29,202,12.94,16,29,7,17,13,28,10,13
579,0,GGGgGGGgrrrrrrrr,134,29,204,12.6,16,29,6,16,14,29,11,13
580,0,GGGgGGGgrrrrrrrr,135,30,204,12.71,15,30,5,16,15,30,11,13
581,0,GGGgGGGgrrrrrrrr,135,31,204,12.8,16,28,4,16,16,31,11,13
582,0,GGGgGGGgrrrrrrrr,133,32,204,12.89,14,28,3,16,16,32,11,13
583,0,GGGgGGGgrrrrrrrr,138,32,207,13.23,15,31,3,16,17,32,11,13
584,0,GGGgGGGgrrrrrrrr,137,32,207,13.44,15,29,3,16,18,32,11,13
585,0,GGGgGGGgrrrrrrrr,138,32,208,13.36,14,29,2,17,19,32,12,13
586,0,GGGgGGGgrrrrrrrr,137,32,209,13.55,13,29,1,17,20,32,12,13
587,0,GGGgGGGgrrrrrrrr,138,32,211,13.7,12,30,1,17,21,32,12,13
588,0,GGGgGGGgrrrrrrrr,134,32,212,13.92,11,29,0,16,21,32,12,13
589,0,GGGgGGGgrrrrrrrr,137,32,211,14.58,10,31,0,18,21,32,12,13
590,0,GGGgGGGgrrrrrrrr,134,32,211,14.92,9,29,0,17,22,32,12,13
591,1,yyyyyyyyrrrrrrrr,134,32,210,15.2,8,29,0,17,22,32,13,13
592,1,yyyyyyyyrrrrrrrr,135,32,209,15.77,6,29,0,18,24,32,13,13
593,1,yyyyyyyyrrrrrrrr,138,32,210,16.21,5,30,1,19,25,32,13,13
594,1,yyyyyyyyrrrrrrrr,138,32,210,16.61,4,30,1,20,25,32,13,13
595,2,rrrrrrrrGGGgGGGg,137,32,211,16.24,3,31,1,21,25,32,12,12
596,2,rrrrrrrrGGGgGGGg,136,32,211,15.97,4,31,2,21,24,32,11,11
597,2,rrrrrrrrGGGgGGGg,136,32,209,15.98,4,30,3,22,24,32,10,11
598,2,rrrrrrrrGGGgGGGg,136,32,209,16.0,4,30,3,23,24,32,10,10
599,2,rrrrrrrrGGGgGGGg,134,32,208,15.81,3,29,4,23,24,32,10,9
